Energy,Total,Ps,Direct,Ann,Excitation ,Process,Threshold
1.00E-02,28.4221,0,0,1.84E-04,0,Ps,8.626
2.00E-02,25.5804,0,0,1.30E-04,0,Dir,15.426
3.00E-02,22.7387,0,0,1.06E-04,0,Ex,11.19
4.00E-02,19.9959,0,0,9.21E-05,0,,
5.00E-02,18.2089,0,0,8.24E-05,0,,
6.00E-02,16.4218,0,0,7.52E-05,0,,
7.00E-02,14.6348,0,0,6.96E-05,0,,
8.00E-02,12.9721,0,0,6.51E-05,0,,
9.00E-02,11.8482,0,0,6.14E-05,0,,
1.00E-01,10.7243,0,0,5.83E-05,0,,
1.10E-01,9.6004,0,0,5.55E-05,0,,
1.20E-01,8.5938,0,0,5.32E-05,0,,
1.30E-01,7.8868,0,0,5.11E-05,0,,
1.40E-01,7.1799,0,0,4.92E-05,0,,
1.50E-01,6.4729,0,0,4.76E-05,0,,
1.60E-01,5.8643,0,0,4.61E-05,0,,
1.70E-01,5.4195,0,0,4.47E-05,0,,
1.80E-01,4.9747,0,0,4.34E-05,0,,
1.90E-01,4.5299,0,0,4.23E-05,0,,
2.00E-01,4.1623,0,0,4.12E-05,0,,
2.10E-01,3.8824,0,0,4.02E-05,0,,
2.20E-01,3.6024,0,0,3.93E-05,0,,
2.30E-01,3.3224,0,0,3.84E-05,0,,
2.40E-01,3.1007,0,0,3.76E-05,0,,
2.50E-01,2.9244,0,0,3.68E-05,0,,
2.60E-01,2.7481,0,0,3.61E-05,0,,
2.70E-01,2.5718,0,0,3.55E-05,0,,
2.80E-01,2.4382,0,0,3.48E-05,0,,
2.90E-01,2.327,0,0,3.42E-05,0,,
3.00E-01,2.2159,0,0,3.36E-05,0,,
3.10E-01,2.1047,0,0,3.31E-05,0,,
3.20E-01,2.0242,0,0,3.26E-05,0,,
3.30E-01,1.9541,0,0,3.21E-05,0,,
3.40E-01,1.8839,0,0,3.16E-05,0,,
3.50E-01,1.8137,0,0,3.11E-05,0,,
3.60E-01,1.7652,0,0,3.07E-05,0,,
3.70E-01,1.7208,0,0,3.03E-05,0,,
3.80E-01,1.6763,0,0,2.99E-05,0,,
3.90E-01,1.6319,0,0,2.95E-05,0,,
4.00E-01,1.6026,0,0,2.91E-05,0,,
4.10E-01,1.5744,0,0,2.88E-05,0,,
4.20E-01,1.5462,0,0,2.84E-05,0,,
4.30E-01,1.5182,0,0,2.81E-05,0,,
4.40E-01,1.5002,0,0,2.78E-05,0,,
4.50E-01,1.4821,0,0,2.75E-05,0,,
4.60E-01,1.4641,0,0,2.72E-05,0,,
4.70E-01,1.4468,0,0,2.69E-05,0,,
4.80E-01,1.4352,0,0,2.66E-05,0,,
4.90E-01,1.4235,0,0,2.63E-05,0,,
5.00E-01,1.4119,0,0,2.61E-05,0,,
5.10E-01,1.4011,0,0,2.58E-05,0,,
5.20E-01,1.3935,0,0,2.55E-05,0,,
5.30E-01,1.3858,0,0,2.53E-05,0,,
5.40E-01,1.3782,0,0,2.51E-05,0,,
5.50E-01,1.3714,0,0,2.48E-05,0,,
5.60E-01,1.3663,0,0,2.46E-05,0,,
5.70E-01,1.3612,0,0,2.44E-05,0,,
5.80E-01,1.3561,0,0,2.42E-05,0,,
5.90E-01,1.3516,0,0,2.40E-05,0,,
6.00E-01,1.3481,0,0,2.38E-05,0,,
6.10E-01,1.3446,0,0,2.36E-05,0,,
6.20E-01,1.3411,0,0,2.34E-05,0,,
6.30E-01,1.3381,0,0,2.32E-05,0,,
6.40E-01,1.3356,0,0,2.30E-05,0,,
6.50E-01,1.3331,0,0,2.28E-05,0,,
6.60E-01,1.3306,0,0,2.27E-05,0,,
6.70E-01,1.3285,0,0,2.25E-05,0,,
6.80E-01,1.3266,0,0,2.23E-05,0,,
6.90E-01,1.3247,0,0,2.22E-05,0,,
7.00E-01,1.3229,0,0,2.20E-05,0,,
7.10E-01,1.3213,0,0,2.19E-05,0,,
7.20E-01,1.3198,0,0,2.17E-05,0,,
7.30E-01,1.3183,0,0,2.16E-05,0,,
7.40E-01,1.3168,0,0,2.14E-05,0,,
7.50E-01,1.3156,0,0,2.13E-05,0,,
7.60E-01,1.3143,0,0,2.11E-05,0,,
7.70E-01,1.3131,0,0,2.10E-05,0,,
7.80E-01,1.3119,0,0,2.09E-05,0,,
7.90E-01,1.3108,0,0,2.07E-05,0,,
8.00E-01,1.3097,0,0,2.06E-05,0,,
8.10E-01,1.3086,0,0,2.05E-05,0,,
8.20E-01,1.3076,0,0,2.03E-05,0,,
8.30E-01,1.3066,0,0,2.02E-05,0,,
8.40E-01,1.3056,0,0,2.01E-05,0,,
8.50E-01,1.3046,0,0,2.00E-05,0,,
8.60E-01,1.3037,0,0,1.99E-05,0,,
8.70E-01,1.3027,0,0,1.97E-05,0,,
8.80E-01,1.3018,0,0,1.96E-05,0,,
8.90E-01,1.3009,0,0,1.95E-05,0,,
9.00E-01,1.3,0,0,1.94E-05,0,,
9.10E-01,1.2991,0,0,1.93E-05,0,,
9.20E-01,1.2983,0,0,1.92E-05,0,,
9.30E-01,1.2974,0,0,1.91E-05,0,,
9.40E-01,1.2965,0,0,1.90E-05,0,,
9.50E-01,1.2957,0,0,1.89E-05,0,,
9.60E-01,1.2948,0,0,1.88E-05,0,,
9.70E-01,1.294,0,0,1.87E-05,0,,
9.80E-01,1.2931,0,0,1.86E-05,0,,
9.90E-01,1.2923,0,0,1.85E-05,0,,
1.00E+00,1.2915,0,0,1.84E-05,0,,
1.10E+00,1.2832,0,0,1.76E-05,0,,
1.20E+00,1.2751,0,0,1.68E-05,0,,
1.30E+00,1.267,0,0,1.62E-05,0,,
1.40E+00,1.259,0,0,1.56E-05,0,,
1.50E+00,1.2509,0,0,1.50E-05,0,,
1.60E+00,1.2428,0,0,1.46E-05,0,,
1.70E+00,1.2347,0,0,1.41E-05,0,,
1.80E+00,1.2266,0,0,1.37E-05,0,,
1.90E+00,1.2186,0,0,1.34E-05,0,,
2.00E+00,1.2105,0,0,1.30E-05,0,,
2.10E+00,1.2024,0,0,1.27E-05,0,,
2.20E+00,1.2017,0,0,1.24E-05,0,,
2.30E+00,1.2017,0,0,1.21E-05,0,,
2.40E+00,1.2017,0,0,1.19E-05,0,,
2.50E+00,1.2017,0,0,1.17E-05,0,,
2.60E+00,1.2017,0,0,1.14E-05,0,,
2.70E+00,1.2017,0,0,1.12E-05,0,,
2.80E+00,1.2017,0,0,1.10E-05,0,,
2.90E+00,1.2017,0,0,1.08E-05,0,,
3.00E+00,1.2017,0,0,1.06E-05,0,,
3.10E+00,1.2017,0,0,1.05E-05,0,,
3.20E+00,1.2017,0,0,1.03E-05,0,,
3.30E+00,1.2017,0,0,1.01E-05,0,,
3.40E+00,1.2017,0,0,9.99E-06,0,,
3.50E+00,1.2017,0,0,9.85E-06,0,,
3.60E+00,1.2017,0,0,9.71E-06,0,,
3.70E+00,1.2017,0,0,9.58E-06,0,,
3.80E+00,1.2017,0,0,9.45E-06,0,,
3.90E+00,1.2017,0,0,9.33E-06,0,,
4.00E+00,1.2017,0,0,9.21E-06,0,,
4.10E+00,1.2017,0,0,9.10E-06,0,,
4.20E+00,1.2017,0,0,8.99E-06,0,,
4.30E+00,1.2017,0,0,8.88E-06,0,,
4.40E+00,1.2017,0,0,8.78E-06,0,,
4.50E+00,1.2017,0,0,8.68E-06,0,,
4.60E+00,1.2017,0,0,8.59E-06,0,,
4.70E+00,1.2017,0,0,8.50E-06,0,,
4.80E+00,1.2017,0,0,8.41E-06,0,,
4.90E+00,1.2017,0,0,8.32E-06,0,,
5.00E+00,1.2017,0,0,8.24E-06,0,,
5.10E+00,1.2017,0,0,8.16E-06,0,,
5.20E+00,1.2017,0,0,8.08E-06,0,,
5.30E+00,1.2017,0,0,8.00E-06,0,,
5.40E+00,1.2017,0,0,7.93E-06,0,,
5.50E+00,1.2017,0,0,7.85E-06,0,,
5.60E+00,1.2017,0,0,7.78E-06,0,,
5.70E+00,1.2017,0,0,7.72E-06,0,,
5.80E+00,1.2017,0,0,7.65E-06,0,,
5.90E+00,1.2017,0,0,7.58E-06,0,,
6.00E+00,1.2017,0,0,7.52E-06,0,,
6.10E+00,1.2017,0,0,7.46E-06,0,,
6.20E+00,1.2017,0,0,7.40E-06,0,,
6.30E+00,1.2017,0,0,7.34E-06,0,,
6.40E+00,1.2017,0,0,7.28E-06,0,,
6.50E+00,1.2017,0,0,7.23E-06,0,,
6.60E+00,1.2017,0,0,7.17E-06,0,,
6.70E+00,1.2017,0,0,7.12E-06,0,,
6.80E+00,1.2017,0,0,7.06E-06,0,,
6.90E+00,1.2017,0,0,7.01E-06,0,,
7.00E+00,1.2017,0,0,6.96E-06,0,,
7.10E+00,1.2017,0,0,6.91E-06,0,,
7.20E+00,1.2017,0,0,6.86E-06,0,,
7.30E+00,1.2017,0,0,6.82E-06,0,,
7.40E+00,1.2017,0,0,6.77E-06,0,,
7.50E+00,1.2017,0,0,6.73E-06,0,,
7.60E+00,1.2017,0,0,6.68E-06,0,,
7.70E+00,1.2017,0,0,6.64E-06,0,,
7.80E+00,1.2017,0,0,6.60E-06,0,,
7.90E+00,1.2017,0,0,6.55E-06,0,,
8.00E+00,1.2017,0,0,6.51E-06,0,,
8.10E+00,1.2017,0,0,6.47E-06,0,,
8.20E+00,1.2017,0,0,6.43E-06,0,,
8.30E+00,1.2017,0.0462,0,6.39E-06,0,,
8.40E+00,1.2017,0.0946,0,6.36E-06,0,,
8.50E+00,1.2017,0.1144,0,6.32E-06,0,,
8.60E+00,1.2017,0.1225,0,6.28E-06,0,,
8.70E+00,1.2017,0.1312,0,6.25E-06,0,,
8.80E+00,1.2017,0.1406,0,6.21E-06,0,,
8.90E+00,1.2017,0.15,0,6.17E-06,0,,
9.00E+00,1.2017,0.1609,0,6.14E-06,0,,
9.10E+00,1.2017,0.1719,0,6.11E-06,0,,
9.20E+00,1.2017,0.1838,0,6.07E-06,0,,
9.30E+00,1.2017,0.1965,0,6.04E-06,0,,
9.40E+00,1.2017,0.2094,0,6.01E-06,0,,
9.50E+00,1.2017,0.2241,0,5.98E-06,0,,
9.60E+00,1.2017,0.2389,0,5.95E-06,0,,
9.70E+00,1.2017,0.2548,0,5.91E-06,0,,
9.80E+00,1.2017,0.2719,0,5.88E-06,0,,
9.90E+00,1.2017,0.2889,0,5.85E-06,0,,
10,1.2017,0.3083,0,5.83E-06,0,,
11,1.2017,0.5531,0,5.55E-06,0.089361509,,
12,2.1835,0.9009,0,5.32E-06,0.092275821,,
13,3.0666,1.2971,0,5.11E-06,0.102889013,,
14,3.4786,1.7648,0,4.92E-06,0.117070088,,
15,3.7658,2.0716,0,4.76E-06,0.148692195,,
16,3.9851,2.2825,0.016,4.61E-06,0.171265232,,
17,4.1611,2.4313,0.0311,4.47E-06,0.204493344,,
18,4.3054,2.5348,0.0493,4.34E-06,0.239022944,,
19,4.4251,2.6032,0.0711,4.23E-06,0.266933808,,
20,4.5249,2.6431,0.0968,4.12E-06,0.289153344,,
21,4.6078,2.6597,0.1265,4.02E-06,0.307828384,,
22,4.6767,2.6568,0.1605,3.93E-06,0.3198512,,
23,4.7334,2.6375,0.1987,3.84E-06,0.322828,,
24,4.7794,2.6046,0.2413,3.76E-06,0.32280368,,
25,4.8159,2.5603,0.2878,3.68E-06,0.31019152,,
26,4.8437,2.5063,0.338,3.61E-06,0.28614016,,
27,4.864,2.4446,0.3916,3.55E-06,0.2518624,,
28,4.8774,2.3765,0.4479,3.48E-06,0.21132304,,
29,4.8846,2.3033,0.5064,3.42E-06,0.16488544,,
30,4.8862,2.2262,0.5665,3.36E-06,0.12316576,,
31,4.8824,2.1462,0.6274,3.31E-06,0.08521792,,
32,4.874,2.0641,0.6885,3.26E-06,0.04966288,,
33,4.8612,1.9941,0.7492,3.21E-06,0.01446192,,
34,4.8446,1.9471,0.8089,3.16E-06,0,,
35,4.8243,1.8914,0.8671,3.11E-06,0,,
36,4.8006,1.8374,0.9233,3.07E-06,0,,
37,4.7739,1.785,0.9772,3.03E-06,0,,
38,4.7445,1.7343,1.0286,2.99E-06,0,,
39,4.7125,1.6851,1.0773,2.95E-06,0,,
40,4.6783,1.6375,1.1232,2.91E-06,0,,
41,4.6419,1.5913,1.1662,2.88E-06,0,,
42,4.6036,1.5466,1.2064,2.84E-06,0,,
43,4.5636,1.5032,1.2438,2.81E-06,0,,
44,4.522,1.4613,1.2785,2.78E-06,0,,
45,4.479,1.4206,1.3105,2.75E-06,0,,
46,4.4348,1.3812,1.3402,2.72E-06,0,,
47,4.3895,1.343,1.3675,2.69E-06,0,,
48,4.3431,1.306,1.3927,2.66E-06,0,,
49,4.296,1.2701,1.4159,2.63E-06,0,,
50,4.248,1.2354,1.4371,2.61E-06,0,,
51,4.1995,1.2017,1.4566,2.58E-06,0,,
52,4.1504,1.169,1.4746,2.55E-06,0,,
53,4.1008,1.1374,1.491,2.53E-06,0,,
54,4.0509,1.1068,1.5061,2.51E-06,0,,
55,3.9504,1.0483,1.5327,2.48E-06,0,,
56,3.8999,1.0204,1.5443,2.46E-06,0,,
57,3.8493,0.9934,1.555,2.44E-06,0,,
58,3.7988,0.9672,1.5649,2.42E-06,0,,
59,3.7483,0.9418,1.574,2.40E-06,0,,
60,3.698,0.9172,1.5957,2.38E-06,0,,
61,3.6479,0.8934,1.6162,2.36E-06,0,,
62,3.5979,0.8703,1.6266,2.34E-06,0,,
63,3.5483,0.848,1.6353,2.32E-06,0,,
64,3.499,0.8263,1.6426,2.30E-06,0,,
65,3.44,0.8053,1.6485,2.28E-06,0,,
66,3.381,0.7849,1.6532,2.27E-06,0,,
67,3.3411,0.7652,1.6566,2.25E-06,0,,
68,3.3101,0.7461,1.6589,2.23E-06,0,,
69,3.279,0.7275,1.6602,2.22E-06,0,,
70,3.248,0.7096,1.6606,2.20E-06,0,,
71,3.2195,0.6922,1.66,2.19E-06,0,,
72,3.1911,0.6753,1.6587,2.17E-06,0,,
73,3.1628,0.659,1.6566,2.16E-06,0,,
74,3.1344,0.6432,1.6538,2.14E-06,0,,
75,3.1084,0.6278,1.6503,2.13E-06,0,,
76,3.0825,0.613,1.6463,2.11E-06,0,,
77,3.0565,0.5986,1.6418,2.10E-06,0,,
78,3.0306,0.5846,1.6368,2.09E-06,0,,
79,3.0065,0.5711,1.6314,2.07E-06,0,,
80,2.9827,0.558,1.6257,2.06E-06,0,,
81,2.959,0.5453,1.6196,2.05E-06,0,,
82,2.9352,0.533,1.6132,2.03E-06,0,,
83,2.9124,0.5211,1.6066,2.02E-06,0,,
84,2.8907,0.5095,1.5997,2.01E-06,0,,
85,2.869,0.4983,1.5927,2.00E-06,0,,
86,2.8472,0.4875,1.5856,1.99E-06,0,,
87,2.8255,0.477,1.5784,1.97E-06,0,,
88,2.8053,0.4668,1.5711,1.96E-06,0,,
89,2.7854,0.4569,1.5638,1.95E-06,0,,
90,2.7655,0.4474,1.5561,1.94E-06,0,,
91,2.7457,0.4381,1.5503,1.93E-06,0,,
92,2.7258,0.4291,1.5444,1.92E-06,0,,
93,2.7075,0.4204,1.5385,1.91E-06,0,,
94,2.6893,0.412,1.5326,1.90E-06,0,,
95,2.6711,0.4038,1.5268,1.89E-06,0,,
96,2.653,0.3959,1.5209,1.88E-06,0,,
97,2.6348,0.3882,1.5151,1.87E-06,0,,
98,2.6178,0.3808,1.5093,1.86E-06,0,,
99,2.6012,0.3736,1.5034,1.85E-06,0,,
100,2.5845,0.3666,1.4976,1.84E-06,0,,
101,2.5679,0.3599,1.4918,1.83E-06,0,,
102,2.5513,0.3533,1.486,1.82E-06,0,,
103,2.5351,0.3469,1.4802,1.82E-06,0,,
104,2.5199,0.3408,1.4744,1.81E-06,0,,
105,2.5047,0.3348,1.4687,1.80E-06,0,,
106,2.4894,0.3291,1.4629,1.79E-06,0,,
107,2.4742,0.3234,1.4571,1.78E-06,0,,
108,2.459,0.318,1.4514,1.77E-06,0,,
109,2.4445,0.3128,1.4456,1.76E-06,0,,
110,2.4306,0.3077,1.4399,1.76E-06,0,,
111,2.4167,0.3027,1.4342,1.75E-06,0,,
112,2.4028,0.2979,1.4284,1.74E-06,0,,
113,2.3888,0.2933,1.4227,1.73E-06,0,,
114,2.3749,0.2888,1.417,1.73E-06,0,,
115,2.3616,0.2845,1.4113,1.72E-06,0,,
116,2.3489,0.2802,1.4056,1.71E-06,0,,
117,2.3361,0.2762,1.3999,1.70E-06,0,,
118,2.3234,0.2722,1.3942,1.70E-06,0,,
119,2.3107,0.2684,1.3886,1.69E-06,0,,
120,2.2979,0.2646,1.3829,1.68E-06,0,,
121,2.2853,0.261,1.3772,1.67E-06,0,,
122,2.2737,0.2575,1.3716,1.67E-06,0,,
123,2.262,0.2541,1.366,1.66E-06,0,,
124,2.2504,0.2509,1.3603,1.65E-06,0,,
125,2.2387,0.2477,1.3547,1.65E-06,0,,
126,2.2271,0.2446,1.3491,1.64E-06,0,,
127,2.2154,0.2416,1.3435,1.63E-06,0,,
128,2.2041,0.2387,1.3379,1.63E-06,0,,
129,2.1934,0.2359,1.3323,1.62E-06,0,,
130,2.1828,0.2332,1.3267,1.62E-06,0,,
131,2.1721,0.2306,1.3211,1.61E-06,0,,
132,2.1615,0.228,1.3155,1.60E-06,0,,
133,2.1508,0.2256,1.31,1.60E-06,0,,
134,2.1401,0.2232,1.3044,1.59E-06,0,,
135,2.1297,0.2209,1.2988,1.59E-06,0,,
136,2.1199,0.2186,1.2933,1.58E-06,0,,
137,2.1102,0.2164,1.2878,1.57E-06,0,,
138,2.1004,0.2143,1.2822,1.57E-06,0,,
139,2.0907,0.2123,1.2767,1.56E-06,0,,
140,2.0809,0.2103,1.2712,1.56E-06,0,,
141,2.0712,0.2084,1.2657,1.55E-06,0,,
142,2.0614,0.2065,1.2602,1.55E-06,0,,
143,2.0523,0.2047,1.2547,1.54E-06,0,,
144,2.0433,0.203,1.2492,1.54E-06,0,,
145,2.0344,0.2013,1.2438,1.53E-06,0,,
146,2.0255,0.1996,1.2383,1.52E-06,0,,
147,2.0166,0.198,1.2328,1.52E-06,0,,
148,2.0076,0.1965,1.2274,1.51E-06,0,,
149,1.9987,0.195,1.2219,1.51E-06,0,,
150,1.9898,0.1936,1.2165,1.50E-06,0,,
151,1.9815,0.1922,1.2111,1.50E-06,0,,
152,1.9733,0.1908,1.2057,1.49E-06,0,,
153,1.9651,0.1895,1.2002,1.49E-06,0,,
154,1.957,0.1882,1.1948,1.48E-06,0,,
155,1.9488,0.187,1.1894,1.48E-06,0,,
156,1.9406,0.1858,1.184,1.47E-06,0,,
157,1.9325,0.1846,1.1787,1.47E-06,0,,
158,1.9243,0.1835,1.1733,1.47E-06,0,,
159,1.9164,0.1824,1.1679,1.46E-06,0,,
160,1.9089,0.1814,1.1626,1.46E-06,0,,
161,1.9015,0.1803,1.1572,1.45E-06,0,,
162,1.894,0.1793,1.1519,1.45E-06,0,,
163,1.8865,0.1784,1.1465,1.44E-06,0,,
164,1.8791,0.1774,1.1412,1.44E-06,0,,
165,1.8716,0.1765,1.1379,1.43E-06,0,,
166,1.8641,0.1757,1.132,1.43E-06,0,,
167,1.8567,0.1748,1.126,1.43E-06,0,,
168,1.8495,0.174,1.1201,1.42E-06,0,,
169,1.8427,0.1732,1.1142,1.42E-06,0,,
170,1.8359,0.1724,1.1085,1.41E-06,0,,
171,1.829,0.1717,1.1029,1.41E-06,0,,
172,1.8222,0.171,1.0972,1.40E-06,0,,
173,1.8154,0.1703,1.0916,1.40E-06,0,,
174,1.8086,0.1696,1.086,1.40E-06,0,,
175,1.8017,0.1689,1.0806,1.39E-06,0,,
176,1.7949,0.1683,1.0753,1.39E-06,0,,
177,1.7882,0.1677,1.0699,1.38E-06,0,,
178,1.7819,0.1671,1.0646,1.38E-06,0,,
179,1.7757,0.1665,1.0593,1.38E-06,0,,
180,1.7694,0.1659,1.0542,1.37E-06,0,,
181,1.7632,0.1654,1.0491,1.37E-06,0,,
182,1.7569,0.1649,1.044,1.37E-06,0,,
183,1.7507,0.1643,1.039,1.36E-06,0,,
184,1.7444,0.1638,1.0339,1.36E-06,0,,
185,1.7382,0.1634,1.029,1.35E-06,0,,
186,1.7319,0.1629,1.0242,1.35E-06,0,,
187,1.7258,0.1625,1.0194,1.35E-06,0,,
188,1.7201,0.162,1.0146,1.34E-06,0,,
189,1.7144,0.1616,1.0098,1.34E-06,0,,
190,1.7087,0.1612,1.0051,1.34E-06,0,,
191,1.703,0.1608,1.0005,1.33E-06,0,,
192,1.6972,0.1604,0.996,1.33E-06,0,,
193,1.6915,0.16,0.9914,1.33E-06,0,,
194,1.6858,0.1597,0.9868,1.32E-06,0,,
195,1.6801,0.1593,0.9823,1.32E-06,0,,
196,1.6744,0.159,0.9779,1.32E-06,0,,
197,1.6687,0.1586,0.9736,1.31E-06,0,,
198,1.6634,0.1583,0.9693,1.31E-06,0,,
199,1.6582,0.158,0.9649,1.31E-06,0,,
200,1.6529,0,0.9606,1.30E-06,0,,
201,1.6477,0,0.9564,1.30E-06,0,,
202,1.6425,0,0.9523,1.30E-06,0,,
203,1.6372,0,0.9481,1.29E-06,0,,
204,1.632,0,0.944,1.29E-06,0,,
205,1.6268,0,0.9399,1.29E-06,0,,
206,1.6215,0,0.9358,1.28E-06,0,,
207,1.6163,0,0.9319,1.28E-06,0,,
208,1.6111,0,0.9279,1.28E-06,0,,
209,1.6063,0,0.924,1.27E-06,0,,
210,1.6015,0,0.9201,1.27E-06,0,,
211,1.5967,0,0.9162,1.27E-06,0,,
212,1.5919,0,0.9123,1.27E-06,0,,
213,1.5871,0,0.9086,1.26E-06,0,,
214,1.5823,0,0.9049,1.26E-06,0,,
215,1.5776,0,0.9012,1.26E-06,0,,
216,1.5728,0,0.8974,1.25E-06,0,,
217,1.568,0,0.8937,1.25E-06,0,,
218,1.5632,0,0.89,1.25E-06,0,,
219,1.5584,0,0.8865,1.24E-06,0,,
220,1.5538,0,0.883,1.24E-06,0,,
221,1.5494,0,0.8794,1.24E-06,0,,
222,1.545,0,0.8759,1.24E-06,0,,
223,1.5406,0,0.8724,1.23E-06,0,,
224,1.5363,0,0.8689,1.23E-06,0,,
225,1.5319,0,0.8655,1.23E-06,0,,
226,1.5275,0,0.8622,1.23E-06,0,,
227,1.5231,0,0.8588,1.22E-06,0,,
228,1.5188,0,0.8554,1.22E-06,0,,
229,1.5144,0,0.8521,1.22E-06,0,,
230,1.51,0,0.8487,1.21E-06,0,,
231,1.5056,0,0.8455,1.21E-06,0,,
232,1.5013,0,0.8423,1.21E-06,0,,
233,1.4973,0,0.8391,1.21E-06,0,,
234,1.4933,0,0.836,1.20E-06,0,,
235,1.4893,0,0.8328,1.20E-06,0,,
236,1.4853,0,0.8296,1.20E-06,0,,
237,1.4813,0,0.8265,1.20E-06,0,,
238,1.4773,0,0.8234,1.19E-06,0,,
239,1.4732,0,0.8204,1.19E-06,0,,
240,1.4692,0,0.8174,1.19E-06,0,,
241,1.4652,0,0.8143,1.19E-06,0,,
242,1.4612,0,0.8113,1.18E-06,0,,
243,1.4572,0,0.8083,1.18E-06,0,,
244,1.4532,0,0.8054,1.18E-06,0,,
245,1.4493,0,0.8025,1.18E-06,0,,
246,1.4456,0,0.7996,1.17E-06,0,,
247,1.442,0,0.7967,1.17E-06,0,,
248,1.4383,0,0.7939,1.17E-06,0,,
249,1.4346,0,0.791,1.17E-06,0,,
250,1.431,0,0.7881,1.17E-06,0,,
251,1.4273,0,0.7854,1.16E-06,0,,
252,1.4236,0,0.7826,1.16E-06,0,,
253,1.42,0,0.7799,1.16E-06,0,,
254,1.4163,0,0.7772,1.16E-06,0,,
255,1.4126,0,0.7745,1.15E-06,0,,
256,1.409,0,0.7717,1.15E-06,0,,
257,1.4053,0,0.769,1.15E-06,0,,
258,1.4017,0,0.7664,1.15E-06,0,,
259,1.3982,0,0.7638,1.14E-06,0,,
260,1.3948,0,0.7612,1.14E-06,0,,
261,1.3915,0,0.7586,1.14E-06,0,,
262,1.3881,0,0.756,1.14E-06,0,,
263,1.3848,0,0.7534,1.14E-06,0,,
264,1.3814,0,0.7508,1.13E-06,0,,
265,1.3781,0,0.7483,1.13E-06,0,,
266,1.3747,0,0.7458,1.13E-06,0,,
267,1.3714,0,0.7434,1.13E-06,0,,
268,1.368,0,0.7409,1.13E-06,0,,
269,1.3647,0,0.7385,1.12E-06,0,,
270,1.3613,0,0.736,1.12E-06,0,,
271,1.3579,0,0.7335,1.12E-06,0,,
272,1.3546,0,0.7311,1.12E-06,0,,
273,1.3513,0,0.7288,1.11E-06,0,,
274,1.3482,0,0.7264,1.11E-06,0,,
275,1.3452,0,0.7241,1.11E-06,0,,
276,1.3421,0,0.7217,1.11E-06,0,,
277,1.339,0,0.7194,1.11E-06,0,,
278,1.336,0,0.7171,1.10E-06,0,,
279,1.3329,0,0.7147,1.10E-06,0,,
280,1.3298,0,0.7125,1.10E-06,0,,
281,1.3268,0,0.7102,1.10E-06,0,,
282,1.3237,0,0.708,1.10E-06,0,,
283,1.3206,0,0.7058,1.10E-06,0,,
284,1.3176,0,0.7036,1.09E-06,0,,
285,1.3145,0,0.7014,1.09E-06,0,,
286,1.3114,0,0.6991,1.09E-06,0,,
287,1.3084,0,0.6969,1.09E-06,0,,
288,1.3053,0,0.6948,1.09E-06,0,,
289,1.3025,0,0.6927,1.08E-06,0,,
290,1.2997,0,0.6906,1.08E-06,0,,
291,1.2969,0,0.6885,1.08E-06,0,,
292,1.2941,0,0.6863,1.08E-06,0,,
293,1.2913,0,0.6842,1.08E-06,0,,
294,1.2885,0,0.6821,1.07E-06,0,,
295,1.2857,0,0.68,1.07E-06,0,,
296,1.2829,0,0.678,1.07E-06,0,,
297,1.2801,0,0.676,1.07E-06,0,,
298,1.2772,0,0.674,1.07E-06,0,,
299,1.2744,0,0.672,1.07E-06,0,,
300,1.2716,0,0.67,1.06E-06,0,,
301,1.2688,0,0.668,1.06E-06,0,,
302,1.266,0,0.666,1.06E-06,0,,
303,1.2632,0,0.664,1.06E-06,0,,
304,1.2604,0,0.662,1.06E-06,0,,
305,1.2578,0,0.6601,1.05E-06,0,,
306,1.2553,0,0.6582,1.05E-06,0,,
307,1.2527,0,0.6563,1.05E-06,0,,
308,1.2501,0,0.6544,1.05E-06,0,,
309,1.2476,0,0.6525,1.05E-06,0,,
310,1.245,0,0.6506,1.05E-06,0,,
311,1.2424,0,0.6487,1.04E-06,0,,
312,1.2399,0,0.6468,1.04E-06,0,,
313,1.2373,0,0.645,1.04E-06,0,,
314,1.2347,0,0.6432,1.04E-06,0,,
315,1.2322,0,0.6414,1.04E-06,0,,
316,1.2296,0,0.6396,1.04E-06,0,,
317,1.227,0,0.6378,1.03E-06,0,,
318,1.2245,0,0.6359,1.03E-06,0,,
319,1.2219,0,0.6341,1.03E-06,0,,
320,1.2194,0,0.6323,1.03E-06,0,,
321,1.2168,0,0.6305,1.03E-06,0,,
322,1.2144,0,0.6288,1.03E-06,0,,
323,1.2121,0,0.6271,1.02E-06,0,,
324,1.2097,0,0.6254,1.02E-06,0,,
325,1.2074,0,0.6237,1.02E-06,0,,
326,1.2051,0,0.622,1.02E-06,0,,
327,1.2027,0,0.6203,1.02E-06,0,,
328,1.2004,0,0.6185,1.02E-06,0,,
329,1.198,0,0.6168,1.02E-06,0,,
330,1.1957,0,0.6151,1.01E-06,0,,
331,1.1933,0,0.6135,1.01E-06,0,,
332,1.191,0,0.6119,1.01E-06,0,,
333,1.1886,0,0.6102,1.01E-06,0,,
334,1.1863,0,0.6086,1.01E-06,0,,
335,1.1839,0,0.607,1.01E-06,0,,
336,1.1816,0,0.6054,1.00E-06,0,,
337,1.1792,0,0.6037,1.00E-06,0,,
338,1.1769,0,0.6021,1.00E-06,0,,
339,1.1746,0,0.6005,1.00E-06,0,,
340,1.1724,0,0.5989,9.99E-07,0,,
341,1.1703,0,0.5974,9.98E-07,0,,
342,1.1681,0,0.5958,9.96E-07,0,,
343,1.166,0,0.5943,9.95E-07,0,,
344,1.1638,0,0.5927,9.93E-07,0,,
345,1.1617,0,0.5912,9.92E-07,0,,
346,1.1595,0,0.5896,9.90E-07,0,,
347,1.1574,0,0.5881,9.89E-07,0,,
348,1.1552,0,0.5866,9.87E-07,0,,
349,1.1531,0,0.585,9.86E-07,0,,
350,1.151,0,0.5836,9.85E-07,0,,
351,1.1488,0,0.5821,9.83E-07,0,,
352,1.1467,0,0.5806,9.82E-07,0,,
353,1.1445,0,0.5792,9.80E-07,0,,
354,1.1424,0,0.5777,9.79E-07,0,,
355,1.1402,0,0.5762,9.78E-07,0,,
356,1.1381,0,0.5748,9.76E-07,0,,
357,1.1359,0,0.5733,9.75E-07,0,,
358,1.1338,0,0.5718,9.74E-07,0,,
359,1.1319,0,0.5704,9.72E-07,0,,
360,1.1299,0,0.569,9.71E-07,0,,
361,1.1279,0,0.5676,9.70E-07,0,,
362,1.126,0,0.5662,9.68E-07,0,,
363,1.124,0,0.5648,9.67E-07,0,,
364,1.122,0,0.5634,9.66E-07,0,,
365,1.1201,0,0.5621,9.64E-07,0,,
366,1.1181,0,0.5607,9.63E-07,0,,
367,1.1162,0,0.5593,9.62E-07,0,,
368,1.1142,0,0.5579,9.60E-07,0,,
369,1.1122,0,0.5565,9.59E-07,0,,
370,1.1103,0,0.5552,9.58E-07,0,,
371,1.1083,0,0.5539,9.56E-07,0,,
372,1.1063,0,0.5526,9.55E-07,0,,
373,1.1044,0,0.5512,9.54E-07,0,,
374,1.1024,0,0.5499,9.53E-07,0,,
375,1.1004,0,0.5486,9.51E-07,0,,
376,1.0985,0,0.5473,9.50E-07,0,,
377,1.0965,0,0.5459,9.49E-07,0,,
378,1.0946,0,0.5446,9.47E-07,0,,
379,1.0928,0,0.5433,9.46E-07,0,,
380,1.091,0,0.5421,9.45E-07,0,,
381,1.0892,0,0.5408,9.44E-07,0,,
382,1.0874,0,0.5395,9.42E-07,0,,
383,1.0856,0,0.5383,9.41E-07,0,,
384,1.0838,0,0.537,9.40E-07,0,,
385,1.082,0,0.5358,9.39E-07,0,,
386,1.0802,0,0.5345,9.38E-07,0,,
387,1.0784,0,0.5333,9.36E-07,0,,
388,1.0766,0,0.532,9.35E-07,0,,
389,1.0748,0,0.5307,9.34E-07,0,,
390,1.0731,0,0.5296,9.33E-07,0,,
391,1.0713,0,0.5284,9.32E-07,0,,
392,1.0695,0,0.5272,9.30E-07,0,,
393,1.0677,0,0.526,9.29E-07,0,,
394,1.0659,0,0.5248,9.28E-07,0,,
395,1.0641,0,0.5236,9.27E-07,0,,
396,1.0623,0,0.5224,9.26E-07,0,,
397,1.0605,0,0.5212,9.25E-07,0,,
398,1.0587,0,0.52,9.23E-07,0,,
399,1.0569,0,0.5188,9.22E-07,0,,
400,1.0553,0,0.5176,9.21E-07,0,,
401,1.0537,0,0.5165,9.20E-07,0,,
402,1.052,0,0.5153,9.19E-07,0,,
403,1.0504,0,0.5142,9.18E-07,0,,
404,1.0487,0,0.5131,9.16E-07,0,,
405,1.0471,0,0.5119,9.15E-07,0,,
406,1.0454,0,0.5108,9.14E-07,0,,
407,1.0438,0,0.5097,9.13E-07,0,,
408,1.0421,0,0.5085,9.12E-07,0,,
409,1.0405,0,0.5074,9.11E-07,0,,
410,1.0389,0,0.5063,9.10E-07,0,,
411,1.0372,0,0.5051,9.09E-07,0,,
412,1.0356,0,0.5041,9.08E-07,0,,
413,1.0339,0,0.503,9.06E-07,0,,
414,1.0323,0,0.5019,9.05E-07,0,,
415,1.0306,0,0.5008,9.04E-07,0,,
416,1.029,0,0.4998,9.03E-07,0,,
417,1.0273,0,0.4987,9.02E-07,0,,
418,1.0257,0,0.4976,9.01E-07,0,,
419,1.0241,0,0.4965,9.00E-07,0,,
420,1.0224,0,0.4954,8.99E-07,0,,
421,1.0208,0,0.4944,8.98E-07,0,,
422,1.0193,0,0.4933,8.97E-07,0,,
423,1.0178,0,0.4923,8.96E-07,0,,
424,1.0163,0,0.4912,8.95E-07,0,,
425,1.0148,0,0.4902,8.94E-07,0,,
426,1.0133,0,0.4892,8.92E-07,0,,
427,1.0118,0,0.4882,8.91E-07,0,,
428,1.0103,0,0.4871,8.90E-07,0,,
429,1.0088,0,0.4861,8.89E-07,0,,
430,1.0073,0,0.4851,8.88E-07,0,,
431,1.0058,0,0.4841,8.87E-07,0,,
432,1.0043,0,0.483,8.86E-07,0,,
433,1.0028,0,0.482,8.85E-07,0,,
434,1.0013,0,0.481,8.84E-07,0,,
435,0.9998,0,0.48,8.83E-07,0,,
436,0.9983,0,0.479,8.82E-07,0,,
437,0.9967,0,0.4781,8.81E-07,0,,
438,0.9952,0,0.4771,8.80E-07,0,,
439,0.9937,0,0.4761,8.79E-07,0,,
440,0.9922,0,0.4752,8.78E-07,0,,
441,0.9907,0,0.4742,8.77E-07,0,,
442,0.9892,0,0.4732,8.76E-07,0,,
443,0.9877,0,0.4722,8.75E-07,0,,
444,0.9862,0,0.4713,8.74E-07,0,,
445,0.9848,0,0.4703,8.73E-07,0,,
446,0.9835,0,0.4693,8.72E-07,0,,
447,0.9821,0,0.4684,8.71E-07,0,,
448,0.9807,0,0.4675,8.70E-07,0,,
449,0.9793,0,0.4666,8.69E-07,0,,
450,0.978,0,0.4656,8.68E-07,0,,
451,0.9766,0,0.4647,8.67E-07,0,,
452,0.9752,0,0.4638,8.66E-07,0,,
453,0.9738,0,0.4629,8.65E-07,0,,
454,0.9724,0,0.4619,8.65E-07,0,,
455,0.9711,0,0.461,8.64E-07,0,,
456,0.9697,0,0.4601,8.63E-07,0,,
457,0.9683,0,0.4592,8.62E-07,0,,
458,0.9669,0,0.4583,8.61E-07,0,,
459,0.9656,0,0.4574,8.60E-07,0,,
460,0.9642,0,0.4565,8.59E-07,0,,
461,0.9628,0,0.4556,8.58E-07,0,,
462,0.9614,0,0.4547,8.57E-07,0,,
463,0.9601,0,0.4538,8.56E-07,0,,
464,0.9587,0,0.453,8.55E-07,0,,
465,0.9573,0,0.4521,8.54E-07,0,,
466,0.9559,0,0.4512,8.53E-07,0,,
467,0.9546,0,0.4503,8.52E-07,0,,
468,0.9532,0,0.4495,8.51E-07,0,,
469,0.9518,0,0.4486,8.51E-07,0,,
470,0.9506,0,0.4477,8.50E-07,0,,
471,0.9493,0,0.4468,8.49E-07,0,,
472,0.9481,0,0.446,8.48E-07,0,,
473,0.9468,0,0.4452,8.47E-07,0,,
474,0.9455,0,0.4443,8.46E-07,0,,
475,0.9443,0,0.4435,8.45E-07,0,,
476,0.943,0,0.4427,8.44E-07,0,,
477,0.9418,0,0.4418,8.43E-07,0,,
478,0.9405,0,0.441,8.43E-07,0,,
479,0.9392,0,0.4402,8.42E-07,0,,
480,0.938,0,0.4393,8.41E-07,0,,
481,0.9367,0,0.4385,8.40E-07,0,,
482,0.9355,0,0.4377,8.39E-07,0,,
483,0.9342,0,0.4368,8.38E-07,0,,
484,0.933,0,0.436,8.37E-07,0,,
485,0.9317,0,0.4352,8.36E-07,0,,
486,0.9304,0,0.4344,8.36E-07,0,,
487,0.9292,0,0.4336,8.35E-07,0,,
488,0.9279,0,0.4328,8.34E-07,0,,
489,0.9267,0,0.432,8.33E-07,0,,
490,0.9254,0,0.4313,8.32E-07,0,,
491,0.9241,0,0.4305,8.31E-07,0,,
492,0.9229,0,0.4297,8.30E-07,0,,
493,0.9216,0,0.4289,8.30E-07,0,,
494,0.9204,0,0.4281,8.29E-07,0,,
495,0.9191,0,0.4273,8.28E-07,0,,
496,0.918,0,0.4265,8.27E-07,0,,
497,0.9168,0,0.4257,8.26E-07,0,,
498,0.9157,0,0.4249,8.25E-07,0,,
499,0.9145,0,0.4242,8.25E-07,0,,
500,0.9134,0,0.4234,8.24E-07,0,,
501,0.9122,0,0.4227,8.23E-07,0,,
502,0.9111,0,0.4219,8.22E-07,0,,
503,0.9099,0,0.4212,8.21E-07,0,,
504,0.9088,0,0.4204,8.21E-07,0,,
505,0.9076,0,0.4197,8.20E-07,0,,
506,0.9065,0,0.4189,8.19E-07,0,,
507,0.9053,0,0.4182,8.18E-07,0,,
508,0.9042,0,0.4174,8.17E-07,0,,
509,0.903,0,0.4167,8.16E-07,0,,
510,0.9019,0,0.4159,8.16E-07,0,,
511,0.9007,0,0.4152,8.15E-07,0,,
512,0.8995,0,0.4144,8.14E-07,0,,
513,0.8984,0,0.4137,8.13E-07,0,,
514,0.8972,0,0.413,8.13E-07,0,,
515,0.8961,0,0.4123,8.12E-07,0,,
516,0.8949,0,0.4116,8.11E-07,0,,
517,0.8938,0,0.4109,8.10E-07,0,,
518,0.8926,0,0.4102,8.09E-07,0,,
519,0.8915,0,0.4095,8.09E-07,0,,
520,0.8903,0,0.4087,8.08E-07,0,,
521,0.8892,0,0.408,8.07E-07,0,,
522,0.888,0,0.4073,8.06E-07,0,,
523,0.8869,0,0.4066,8.05E-07,0,,
524,0.8859,0,0.4059,8.05E-07,0,,
525,0.8848,0,0.4052,8.04E-07,0,,
526,0.8838,0,0.4045,8.03E-07,0,,
527,0.8827,0,0.4038,8.02E-07,0,,
528,0.8817,0,0.4031,8.02E-07,0,,
529,0.8806,0,0.4024,8.01E-07,0,,
530,0.8796,0,0.4018,8.00E-07,0,,
531,0.8785,0,0.4011,7.99E-07,0,,
532,0.8775,0,0.4004,7.99E-07,0,,
533,0.8764,0,0.3997,7.98E-07,0,,
534,0.8754,0,0.3991,7.97E-07,0,,
535,0.8743,0,0.3984,7.96E-07,0,,
536,0.8733,0,0.3977,7.96E-07,0,,
537,0.8722,0,0.397,7.95E-07,0,,
538,0.8711,0,0.3964,7.94E-07,0,,
539,0.8701,0,0.3957,7.93E-07,0,,
540,0.869,0,0.395,7.93E-07,0,,
541,0.868,0,0.3943,7.92E-07,0,,
542,0.8669,0,0.3937,7.91E-07,0,,
543,0.8659,0,0.3931,7.91E-07,0,,
544,0.8648,0,0.3924,7.90E-07,0,,
545,0.8638,0,0.3918,7.89E-07,0,,
546,0.8627,0,0.3911,7.88E-07,0,,
547,0.8617,0,0.3905,7.88E-07,0,,
548,0.8606,0,0.3898,7.87E-07,0,,
549,0.8596,0,0.3892,7.86E-07,0,,
550,0.8585,0,0.3886,7.85E-07,0,,
551,0.8574,0,0.3879,7.85E-07,0,,
552,0.8565,0,0.3873,7.84E-07,0,,
553,0.8555,0,0.3866,7.83E-07,0,,
554,0.8545,0,0.386,7.83E-07,0,,
555,0.8536,0,0.3854,7.82E-07,0,,
556,0.8526,0,0.3847,7.81E-07,0,,
557,0.8516,0,0.3841,7.81E-07,0,,
558,0.8507,0,0.3835,7.80E-07,0,,
559,0.8497,0,0.3829,7.79E-07,0,,
560,0.8487,0,0.3823,7.78E-07,0,,
561,0.8478,0,0.3817,7.78E-07,0,,
562,0.8468,0,0.3811,7.77E-07,0,,
563,0.8459,0,0.3805,7.76E-07,0,,
564,0.8449,0,0.3798,7.76E-07,0,,
565,0.8439,0,0.3792,7.75E-07,0,,
566,0.843,0,0.3786,7.74E-07,0,,
567,0.842,0,0.378,7.74E-07,0,,
568,0.841,0,0.3774,7.73E-07,0,,
569,0.8401,0,0.3768,7.72E-07,0,,
570,0.8391,0,0.3762,7.72E-07,0,,
571,0.8381,0,0.3756,7.71E-07,0,,
572,0.8372,0,0.375,7.70E-07,0,,
573,0.8362,0,0.3744,7.70E-07,0,,
574,0.8353,0,0.3738,7.69E-07,0,,
575,0.8343,0,0.3733,7.68E-07,0,,
576,0.8333,0,0.3727,7.68E-07,0,,
577,0.8324,0,0.3721,7.67E-07,0,,
578,0.8314,0,0.3715,7.66E-07,0,,
579,0.8304,0,0.3709,7.66E-07,0,,
580,0.8295,0,0.3704,7.65E-07,0,,
581,0.8285,0,0.3698,7.64E-07,0,,
582,0.8275,0,0.3692,7.64E-07,0,,
583,0.8267,0,0.3686,7.63E-07,0,,
584,0.8258,0,0.368,7.62E-07,0,,
585,0.8249,0,0.3675,7.62E-07,0,,
586,0.824,0,0.3669,7.61E-07,0,,
587,0.8231,0,0.3663,7.60E-07,0,,
588,0.8223,0,0.3658,7.60E-07,0,,
589,0.8214,0,0.3652,7.59E-07,0,,
590,0.8205,0,0.3647,7.58E-07,0,,
591,0.8196,0,0.3641,7.58E-07,0,,
592,0.8187,0,0.3636,7.57E-07,0,,
593,0.8178,0,0.363,7.56E-07,0,,
594,0.817,0,0.3625,7.56E-07,0,,
595,0.8161,0,0.3619,7.55E-07,0,,
596,0.8152,0,0.3614,7.55E-07,0,,
597,0.8143,0,0.3608,7.54E-07,0,,
598,0.8134,0,0.3603,7.53E-07,0,,
599,0.8126,0,0.3597,7.53E-07,0,,
600,0.8117,0,0.3592,7.52E-07,0,,
601,0.8108,0,0.3586,7.51E-07,0,,
602,0.8099,0,0.3581,7.51E-07,0,,
603,0.809,0,0.3575,7.50E-07,0,,
604,0.8081,0,0.357,7.50E-07,0,,
605,0.8073,0,0.3565,7.49E-07,0,,
606,0.8064,0,0.356,7.48E-07,0,,
607,0.8055,0,0.3554,7.48E-07,0,,
608,0.8046,0,0.3549,7.47E-07,0,,
609,0.8037,0,0.3544,7.46E-07,0,,
610,0.8029,0,0.3539,7.46E-07,0,,
611,0.802,0,0.3533,7.45E-07,0,,
612,0.8011,0,0.3528,7.45E-07,0,,
613,0.8002,0,0.3523,7.44E-07,0,,
614,0.7993,0,0.3518,7.43E-07,0,,
615,0.7985,0,0.3513,7.43E-07,0,,
616,0.7977,0,0.3507,7.42E-07,0,,
617,0.7969,0,0.3502,7.42E-07,0,,
618,0.7961,0,0.3497,7.41E-07,0,,
619,0.7953,0,0.3492,7.40E-07,0,,
620,0.7945,0,0.3487,7.40E-07,0,,
621,0.7937,0,0.3482,7.39E-07,0,,
622,0.7929,0,0.3477,7.39E-07,0,,
623,0.792,0,0.3472,7.38E-07,0,,
624,0.7912,0,0.3467,7.37E-07,0,,
625,0.7904,0,0.3462,7.37E-07,0,,
626,0.7896,0,0.3457,7.36E-07,0,,
627,0.7888,0,0.3452,7.36E-07,0,,
628,0.788,0,0.3447,7.35E-07,0,,
629,0.7872,0,0.3442,7.34E-07,0,,
630,0.7864,0,0.3437,7.34E-07,0,,
631,0.7856,0,0.3432,7.33E-07,0,,
632,0.7848,0,0.3427,7.33E-07,0,,
633,0.784,0,0.3422,7.32E-07,0,,
634,0.7832,0,0.3417,7.32E-07,0,,
635,0.7824,0,0.3412,7.31E-07,0,,
636,0.7816,0,0.3407,7.30E-07,0,,
637,0.7808,0,0.3402,7.30E-07,0,,
638,0.78,0,0.3398,7.29E-07,0,,
639,0.7791,0,0.3393,7.29E-07,0,,
640,0.7783,0,0.3388,7.28E-07,0,,
641,0.7775,0,0.3383,7.28E-07,0,,
642,0.7767,0,0.3379,7.27E-07,0,,
643,0.7759,0,0.3374,7.26E-07,0,,
644,0.7751,0,0.3369,7.26E-07,0,,
645,0.7743,0,0.3365,7.25E-07,0,,
646,0.7735,0,0.336,7.25E-07,0,,
647,0.7727,0,0.3355,7.24E-07,0,,
648,0.7719,0,0.335,7.24E-07,0,,
649,0.7711,0,0.3346,7.23E-07,0,,
650,0.7704,0,0.3341,7.23E-07,0,,
651,0.7696,0,0.3336,7.22E-07,0,,
652,0.7689,0,0.3332,7.21E-07,0,,
653,0.7682,0,0.3327,7.21E-07,0,,
654,0.7674,0,0.3322,7.20E-07,0,,
655,0.7667,0,0.3318,7.20E-07,0,,
656,0.766,0,0.3313,7.19E-07,0,,
657,0.7652,0,0.3309,7.19E-07,0,,
658,0.7645,0,0.3304,7.18E-07,0,,
659,0.7637,0,0.33,7.18E-07,0,,
660,0.763,0,0.3295,7.17E-07,0,,
661,0.7623,0,0.3291,7.16E-07,0,,
662,0.7615,0,0.3286,7.16E-07,0,,
663,0.7608,0,0.3282,7.15E-07,0,,
664,0.76,0,0.3277,7.15E-07,0,,
665,0.7593,0,0.3273,7.14E-07,0,,
666,0.7586,0,0.3268,7.14E-07,0,,
667,0.7578,0,0.3264,7.13E-07,0,,
668,0.7571,0,0.3259,7.13E-07,0,,
669,0.7564,0,0.3255,7.12E-07,0,,
670,0.7556,0,0.325,7.12E-07,0,,
671,0.7549,0,0.3246,7.11E-07,0,,
672,0.7541,0,0.3241,7.11E-07,0,,
673,0.7534,0,0.3237,7.10E-07,0,,
674,0.7527,0,0.3233,7.10E-07,0,,
675,0.7519,0,0.3229,7.09E-07,0,,
676,0.7512,0,0.3224,7.08E-07,0,,
677,0.7505,0,0.322,7.08E-07,0,,
678,0.7497,0,0.3216,7.07E-07,0,,
679,0.749,0,0.3212,7.07E-07,0,,
680,0.7482,0,0.3207,7.06E-07,0,,
681,0.7475,0,0.3203,7.06E-07,0,,
682,0.7468,0,0.3199,7.05E-07,0,,
683,0.746,0,0.3195,7.05E-07,0,,
684,0.7453,0,0.319,7.04E-07,0,,
685,0.7446,0,0.3186,7.04E-07,0,,
686,0.7439,0,0.3182,7.03E-07,0,,
687,0.7432,0,0.3178,7.03E-07,0,,
688,0.7426,0,0.3173,7.02E-07,0,,
689,0.7419,0,0.3169,7.02E-07,0,,
690,0.7412,0,0.3165,7.01E-07,0,,
691,0.7405,0,0.3161,7.01E-07,0,,
692,0.7399,0,0.3157,7.00E-07,0,,
693,0.7392,0,0.3153,7.00E-07,0,,
694,0.7385,0,0.3149,6.99E-07,0,,
695,0.7378,0,0.3145,6.99E-07,0,,
696,0.7372,0,0.3141,6.98E-07,0,,
697,0.7365,0,0.3136,6.98E-07,0,,
698,0.7358,0,0.3132,6.97E-07,0,,
699,0.7351,0,0.3128,6.97E-07,0,,
700,0.7345,0,0.3124,6.96E-07,0,,
701,0.7338,0,0.312,6.96E-07,0,,
702,0.7331,0,0.3116,6.95E-07,0,,
703,0.7324,0,0.3112,6.95E-07,0,,
704,0.7318,0,0.3108,6.94E-07,0,,
705,0.7311,0,0.3104,6.94E-07,0,,
706,0.7304,0,0.31,6.93E-07,0,,
707,0.7297,0,0.3096,6.93E-07,0,,
708,0.7291,0,0.3092,6.92E-07,0,,
709,0.7284,0,0.3088,6.92E-07,0,,
710,0.7277,0,0.3084,6.91E-07,0,,
711,0.727,0,0.308,6.91E-07,0,,
712,0.7264,0,0.3076,6.90E-07,0,,
713,0.7257,0,0.3073,6.90E-07,0,,
714,0.725,0,0.3069,6.89E-07,0,,
715,0.7243,0,0.3065,6.89E-07,0,,
716,0.7237,0,0.3061,6.88E-07,0,,
717,0.723,0,0.3057,6.88E-07,0,,
718,0.7223,0,0.3053,6.87E-07,0,,
719,0.7216,0,0.3049,6.87E-07,0,,
720,0.721,0,0.3046,6.86E-07,0,,
721,0.7203,0,0.3042,6.86E-07,0,,
722,0.7196,0,0.3038,6.86E-07,0,,
723,0.719,0,0.3034,6.85E-07,0,,
724,0.7184,0,0.303,6.85E-07,0,,
725,0.7177,0,0.3026,6.84E-07,0,,
726,0.7171,0,0.3023,6.84E-07,0,,
727,0.7165,0,0.3019,6.83E-07,0,,
728,0.7159,0,0.3015,6.83E-07,0,,
729,0.7153,0,0.3011,6.82E-07,0,,
730,0.7146,0,0.3007,6.82E-07,0,,
731,0.714,0,0.3004,6.81E-07,0,,
732,0.7134,0,0.3,6.81E-07,0,,
733,0.7128,0,0.2996,6.80E-07,0,,
734,0.7122,0,0.2993,6.80E-07,0,,
735,0.7116,0,0.2989,6.79E-07,0,,
736,0.7109,0,0.2986,6.79E-07,0,,
737,0.7103,0,0.2982,6.79E-07,0,,
738,0.7097,0,0.2978,6.78E-07,0,,
739,0.7091,0,0.2975,6.78E-07,0,,
740,0.7085,0,0.2971,6.77E-07,0,,
741,0.7079,0,0.2967,6.77E-07,0,,
742,0.7072,0,0.2964,6.76E-07,0,,
743,0.7066,0,0.296,6.76E-07,0,,
744,0.706,0,0.2956,6.75E-07,0,,
745,0.7054,0,0.2953,6.75E-07,0,,
746,0.7048,0,0.2949,6.74E-07,0,,
747,0.7041,0,0.2946,6.74E-07,0,,
748,0.7035,0,0.2942,6.74E-07,0,,
749,0.7029,0,0.2938,6.73E-07,0,,
750,0.7023,0,0.2935,6.73E-07,0,,
751,0.7017,0,0.2931,6.72E-07,0,,
752,0.7011,0,0.2928,6.72E-07,0,,
753,0.7004,0,0.2924,6.71E-07,0,,
754,0.6998,0,0.2921,6.71E-07,0,,
755,0.6992,0,0.2917,6.70E-07,0,,
756,0.6986,0,0.2914,6.70E-07,0,,
757,0.698,0,0.291,6.70E-07,0,,
758,0.6974,0,0.2907,6.69E-07,0,,
759,0.6967,0,0.2904,6.69E-07,0,,
760,0.6961,0,0.29,6.68E-07,0,,
761,0.6955,0,0.2897,6.68E-07,0,,
762,0.6949,0,0.2893,6.67E-07,0,,
763,0.6943,0,0.289,6.67E-07,0,,
764,0.6937,0,0.2886,6.66E-07,0,,
765,0.6932,0,0.2883,6.66E-07,0,,
766,0.6926,0,0.2879,6.66E-07,0,,
767,0.692,0,0.2876,6.65E-07,0,,
768,0.6915,0,0.2872,6.65E-07,0,,
769,0.6909,0,0.2869,6.64E-07,0,,
770,0.6903,0,0.2866,6.64E-07,0,,
771,0.6898,0,0.2862,6.63E-07,0,,
772,0.6892,0,0.2859,6.63E-07,0,,
773,0.6886,0,0.2856,6.63E-07,0,,
774,0.6881,0,0.2852,6.62E-07,0,,
775,0.6875,0,0.2849,6.62E-07,0,,
776,0.6869,0,0.2846,6.61E-07,0,,
777,0.6864,0,0.2842,6.61E-07,0,,
778,0.6858,0,0.2839,6.60E-07,0,,
779,0.6853,0,0.2836,6.60E-07,0,,
780,0.6847,0,0.2833,6.60E-07,0,,
781,0.6841,0,0.2829,6.59E-07,0,,
782,0.6836,0,0.2826,6.59E-07,0,,
783,0.683,0,0.2823,6.58E-07,0,,
784,0.6824,0,0.2819,6.58E-07,0,,
785,0.6819,0,0.2816,6.57E-07,0,,
786,0.6813,0,0.2813,6.57E-07,0,,
787,0.6807,0,0.281,6.57E-07,0,,
788,0.6802,0,0.2806,6.56E-07,0,,
789,0.6796,0,0.2803,6.56E-07,0,,
790,0.679,0,0.28,6.55E-07,0,,
791,0.6785,0,0.2796,6.55E-07,0,,
792,0.6779,0,0.2793,6.55E-07,0,,
793,0.6773,0,0.279,6.54E-07,0,,
794,0.6768,0,0.2787,6.54E-07,0,,
795,0.6762,0,0.2784,6.53E-07,0,,
796,0.6756,0,0.2781,6.53E-07,0,,
797,0.6751,0,0.2778,6.52E-07,0,,
798,0.6745,0,0.2775,6.52E-07,0,,
799,0.674,0,0.2771,6.52E-07,0,,
800,0.6734,0,0.2768,6.51E-07,0,,
801,0.6728,0,0.2765,6.51E-07,0,,
802,0.6723,0,0.2762,6.50E-07,0,,
803,0.6717,0,0.2759,6.50E-07,0,,
804,0.6711,0,0.2756,6.50E-07,0,,
805,0.6706,0,0.2753,6.49E-07,0,,
806,0.6701,0,0.275,6.49E-07,0,,
807,0.6695,0,0.2746,6.48E-07,0,,
808,0.669,0,0.2743,6.48E-07,0,,
809,0.6685,0,0.274,6.48E-07,0,,
810,0.668,0,0.2737,6.47E-07,0,,
811,0.6675,0,0.2734,6.47E-07,0,,
812,0.667,0,0.2731,6.46E-07,0,,
813,0.6664,0,0.2728,6.46E-07,0,,
814,0.6659,0,0.2725,6.46E-07,0,,
815,0.6654,0,0.2722,6.45E-07,0,,
816,0.6649,0,0.2719,6.45E-07,0,,
817,0.6644,0,0.2716,6.44E-07,0,,
818,0.6639,0,0.2713,6.44E-07,0,,
819,0.6633,0,0.271,6.44E-07,0,,
820,0.6628,0,0.2707,6.43E-07,0,,
821,0.6623,0,0.2704,6.43E-07,0,,
822,0.6618,0,0.2701,6.42E-07,0,,
823,0.6613,0,0.2698,6.42E-07,0,,
824,0.6607,0,0.2695,6.42E-07,0,,
825,0.6602,0,0.2692,6.41E-07,0,,
826,0.6597,0,0.2689,6.41E-07,0,,
827,0.6592,0,0.2686,6.41E-07,0,,
828,0.6587,0,0.2683,6.40E-07,0,,
829,0.6582,0,0.268,6.40E-07,0,,
830,0.6576,0,0.2677,6.39E-07,0,,
831,0.6571,0,0.2674,6.39E-07,0,,
832,0.6566,0,0.2671,6.39E-07,0,,
833,0.6561,0,0.2668,6.38E-07,0,,
834,0.6556,0,0.2666,6.38E-07,0,,
835,0.6551,0,0.2663,6.37E-07,0,,
836,0.6545,0,0.266,6.37E-07,0,,
837,0.654,0,0.2657,6.37E-07,0,,
838,0.6535,0,0.2654,6.36E-07,0,,
839,0.653,0,0.2651,6.36E-07,0,,
840,0.6525,0,0.2648,6.36E-07,0,,
841,0.652,0,0.2646,6.35E-07,0,,
842,0.6514,0,0.2643,6.35E-07,0,,
843,0.6509,0,0.264,6.34E-07,0,,
844,0.6504,0,0.2637,6.34E-07,0,,
845,0.6499,0,0.2634,6.34E-07,0,,
846,0.6494,0,0.2632,6.33E-07,0,,
847,0.6489,0,0.2629,6.33E-07,0,,
848,0.6483,0,0.2626,6.33E-07,0,,
849,0.6478,0,0.2623,6.32E-07,0,,
850,0.6473,0,0.262,6.32E-07,0,,
851,0.6469,0,0.2617,6.31E-07,0,,
852,0.6464,0,0.2615,6.31E-07,0,,
853,0.6459,0,0.2612,6.31E-07,0,,
854,0.6454,0,0.2609,6.30E-07,0,,
855,0.645,0,0.2606,6.30E-07,0,,
856,0.6445,0,0.2603,6.30E-07,0,,
857,0.644,0,0.2601,6.29E-07,0,,
858,0.6435,0,0.2598,6.29E-07,0,,
859,0.6431,0,0.2595,6.29E-07,0,,
860,0.6426,0,0.2592,6.28E-07,0,,
861,0.6421,0,0.259,6.28E-07,0,,
862,0.6417,0,0.2587,6.27E-07,0,,
863,0.6412,0,0.2584,6.27E-07,0,,
864,0.6407,0,0.2582,6.27E-07,0,,
865,0.6402,0,0.2579,6.26E-07,0,,
866,0.6398,0,0.2576,6.26E-07,0,,
867,0.6393,0,0.2574,6.26E-07,0,,
868,0.6388,0,0.2571,6.25E-07,0,,
869,0.6383,0,0.2568,6.25E-07,0,,
870,0.6379,0,0.2566,6.25E-07,0,,
871,0.6374,0,0.2563,6.24E-07,0,,
872,0.6369,0,0.256,6.24E-07,0,,
873,0.6365,0,0.2558,6.23E-07,0,,
874,0.636,0,0.2555,6.23E-07,0,,
875,0.6355,0,0.2552,6.23E-07,0,,
876,0.635,0,0.255,6.22E-07,0,,
877,0.6346,0,0.2547,6.22E-07,0,,
878,0.6341,0,0.2544,6.22E-07,0,,
879,0.6336,0,0.2542,6.21E-07,0,,
880,0.6331,0,0.2539,6.21E-07,0,,
881,0.6327,0,0.2536,6.21E-07,0,,
882,0.6322,0,0.2534,6.20E-07,0,,
883,0.6317,0,0.2531,6.20E-07,0,,
884,0.6313,0,0.2528,6.20E-07,0,,
885,0.6308,0,0.2526,6.19E-07,0,,
886,0.6303,0,0.2523,6.19E-07,0,,
887,0.6298,0,0.2521,6.19E-07,0,,
888,0.6294,0,0.2518,6.18E-07,0,,
889,0.6289,0,0.2516,6.18E-07,0,,
890,0.6284,0,0.2513,6.17E-07,0,,
891,0.6279,0,0.2511,6.17E-07,0,,
892,0.6275,0,0.2508,6.17E-07,0,,
893,0.627,0,0.2506,6.16E-07,0,,
894,0.6265,0,0.2503,6.16E-07,0,,
895,0.6261,0,0.25,6.16E-07,0,,
896,0.6256,0,0.2498,6.15E-07,0,,
897,0.6251,0,0.2495,6.15E-07,0,,
898,0.6247,0,0.2493,6.15E-07,0,,
899,0.6243,0,0.249,6.14E-07,0,,
900,0.6238,0,0.2488,6.14E-07,0,,
901,0.6234,0,0.2485,6.14E-07,0,,
902,0.623,0,0.2483,6.13E-07,0,,
903,0.6225,0,0.248,6.13E-07,0,,
904,0.6221,0,0.2478,6.13E-07,0,,
905,0.6217,0,0.2475,6.12E-07,0,,
906,0.6212,0,0.2473,6.12E-07,0,,
907,0.6208,0,0.247,6.12E-07,0,,
908,0.6204,0,0.2468,6.11E-07,0,,
909,0.6199,0,0.2465,6.11E-07,0,,
910,0.6195,0,0.2463,6.11E-07,0,,
911,0.6191,0,0.246,6.10E-07,0,,
912,0.6186,0,0.2458,6.10E-07,0,,
913,0.6182,0,0.2456,6.10E-07,0,,
914,0.6178,0,0.2453,6.09E-07,0,,
915,0.6173,0,0.2451,6.09E-07,0,,
916,0.6169,0,0.2448,6.09E-07,0,,
917,0.6165,0,0.2446,6.08E-07,0,,
918,0.616,0,0.2444,6.08E-07,0,,
919,0.6156,0,0.2441,6.08E-07,0,,
920,0.6152,0,0.2439,6.07E-07,0,,
921,0.6147,0,0.2436,6.07E-07,0,,
922,0.6143,0,0.2434,6.07E-07,0,,
923,0.6139,0,0.2432,6.06E-07,0,,
924,0.6134,0,0.2429,6.06E-07,0,,
925,0.613,0,0.2427,6.06E-07,0,,
926,0.6126,0,0.2424,6.05E-07,0,,
927,0.6121,0,0.2422,6.05E-07,0,,
928,0.6117,0,0.2419,6.05E-07,0,,
929,0.6113,0,0.2417,6.04E-07,0,,
930,0.6108,0,0.2415,6.04E-07,0,,
931,0.6104,0,0.2412,6.04E-07,0,,
932,0.61,0,0.241,6.03E-07,0,,
933,0.6095,0,0.2408,6.03E-07,0,,
934,0.6091,0,0.2405,6.03E-07,0,,
935,0.6087,0,0.2403,6.02E-07,0,,
936,0.6082,0,0.2401,6.02E-07,0,,
937,0.6078,0,0.2398,6.02E-07,0,,
938,0.6074,0,0.2396,6.01E-07,0,,
939,0.6069,0,0.2394,6.01E-07,0,,
940,0.6065,0,0.2392,6.01E-07,0,,
941,0.6061,0,0.2389,6.00E-07,0,,
942,0.6057,0,0.2387,6.00E-07,0,,
943,0.6052,0,0.2385,6.00E-07,0,,
944,0.6048,0,0.2382,6.00E-07,0,,
945,0.6044,0,0.238,5.99E-07,0,,
946,0.6039,0,0.2378,5.99E-07,0,,
947,0.6035,0,0.2376,5.99E-07,0,,
948,0.6031,0,0.2373,5.98E-07,0,,
949,0.6027,0,0.2371,5.98E-07,0,,
950,0.6023,0,0.2369,5.98E-07,0,,
951,0.6019,0,0.2366,5.97E-07,0,,
952,0.6015,0,0.2364,5.97E-07,0,,
953,0.6011,0,0.2362,5.97E-07,0,,
954,0.6007,0,0.236,5.96E-07,0,,
955,0.6003,0,0.2357,5.96E-07,0,,
956,0.5999,0,0.2355,5.96E-07,0,,
957,0.5996,0,0.2353,5.95E-07,0,,
958,0.5992,0,0.235,5.95E-07,0,,
959,0.5988,0,0.2348,5.95E-07,0,,
960,0.5984,0,0.2346,5.95E-07,0,,
961,0.598,0,0.2344,5.94E-07,0,,
962,0.5976,0,0.2342,5.94E-07,0,,
963,0.5972,0,0.234,5.94E-07,0,,
964,0.5968,0,0.2337,5.93E-07,0,,
965,0.5964,0,0.2335,5.93E-07,0,,
966,0.596,0,0.2333,5.93E-07,0,,
967,0.5956,0,0.2331,5.92E-07,0,,
968,0.5952,0,0.2329,5.92E-07,0,,
969,0.5948,0,0.2327,5.92E-07,0,,
970,0.5944,0,0.2324,5.91E-07,0,,
971,0.594,0,0.2322,5.91E-07,0,,
972,0.5936,0,0.232,5.91E-07,0,,
973,0.5932,0,0.2318,5.91E-07,0,,
974,0.5928,0,0.2316,5.90E-07,0,,
975,0.5924,0,0.2313,5.90E-07,0,,
976,0.592,0,0.2311,5.90E-07,0,,
977,0.5916,0,0.2309,5.89E-07,0,,
978,0.5912,0,0.2307,5.89E-07,0,,
979,0.5908,0,0.2305,5.89E-07,0,,
980,0.5904,0,0.2303,5.88E-07,0,,
981,0.5901,0,0.23,5.88E-07,0,,
982,0.5897,0,0.2298,5.88E-07,0,,
983,0.5893,0,0.2296,5.88E-07,0,,
984,0.5889,0,0.2294,5.87E-07,0,,
985,0.5885,0,0.2292,5.87E-07,0,,
986,0.5881,0,0.229,5.87E-07,0,,
987,0.5877,0,0.2288,5.86E-07,0,,
988,0.5873,0,0.2287,5.86E-07,0,,
989,0.5869,0,0.2285,5.86E-07,0,,
990,0.5865,0,0.2283,5.85E-07,0,,
991,0.5861,0,0.2281,5.85E-07,0,,
992,0.5857,0,0.2279,5.85E-07,0,,
993,0.5853,0,0.2278,5.85E-07,0,,
994,0.5849,0,0.2276,5.84E-07,0,,
995,0.5845,0,0.2274,5.84E-07,0,,
996,0.5841,0,0.2272,5.84E-07,0,,
997,0.5837,0,0.227,5.83E-07,0,,
998,0.5833,0,0.2268,5.83E-07,0,,
999,0.5829,0,0.2267,5.83E-07,0,,
1000,0.5481,0,0.2079,5.83E-07,0,,
1100,0.5448,0,0.2062,5.55E-07,0,,
1110,0.5416,0,0.2045,5.53E-07,0,,
1120,0.5386,0,0.2028,5.50E-07,0,,
1130,0.5356,0,0.2012,5.48E-07,0,,
1140,0.5326,0,0.1997,5.46E-07,0,,
1150,0.5295,0,0.1981,5.43E-07,0,,
1160,0.5265,0,0.1965,5.41E-07,0,,
1170,0.5236,0,0.195,5.39E-07,0,,
1180,0.5208,0,0.1935,5.36E-07,0,,
1190,0.518,0,0.192,5.34E-07,0,,
1200,0.5153,0,0.1906,5.32E-07,0,,
1210,0.5125,0,0.1891,5.30E-07,0,,
1220,0.5097,0,0.1877,5.27E-07,0,,
1230,0.5069,0,0.1864,5.25E-07,0,,
1240,0.5044,0,0.185,5.23E-07,0,,
1250,0.5018,0,0.1837,5.21E-07,0,,
1260,0.4993,0,0.1823,5.19E-07,0,,
1270,0.4968,0,0.181,5.17E-07,0,,
1280,0.4942,0,0.1797,5.15E-07,0,,
1290,0.4917,0,0.1785,5.13E-07,0,,
1300,0.4892,0,0.1773,5.11E-07,0,,
1310,0.4869,0,0.176,5.09E-07,0,,
1320,0.4845,0,0.1748,5.07E-07,0,,
1330,0.4822,0,0.1736,5.05E-07,0,,
1340,0.4799,0,0.1724,5.03E-07,0,,
1350,0.4776,0,0.1713,5.01E-07,0,,
1360,0.4753,0,0.1701,5.00E-07,0,,
1370,0.4729,0,0.169,4.98E-07,0,,
1380,0.4708,0,0.1679,4.96E-07,0,,
1390,0.4686,0,0.1668,4.94E-07,0,,
1400,0.4665,0,0.1657,4.92E-07,0,,
1410,0.4644,0,0.1647,4.91E-07,0,,
1420,0.4623,0,0.1636,4.89E-07,0,,
1430,0.4602,0,0.1625,4.87E-07,0,,
1440,0.458,0,0.1615,4.85E-07,0,,
1450,0.4559,0,0.1605,4.84E-07,0,,
1460,0.454,0,0.1595,4.82E-07,0,,
1470,0.452,0,0.1586,4.80E-07,0,,
1480,0.4501,0,0.1576,4.79E-07,0,,
1490,0.4482,0,0.1566,4.77E-07,0,,
1500,0.4462,0,0.1556,4.76E-07,0,,
1510,0.4443,0,0.1547,4.74E-07,0,,
1520,0.4423,0,0.1538,4.72E-07,0,,
1530,0.4404,0,0.1529,4.71E-07,0,,
1540,0.4386,0,0.152,4.69E-07,0,,
1550,0.4368,0,0.1511,4.68E-07,0,,
1560,0.4351,0,0.1502,4.66E-07,0,,
1570,0.4333,0,0.1493,4.65E-07,0,,
1580,0.4315,0,0.1485,4.63E-07,0,,
1590,0.4297,0,0.1477,4.62E-07,0,,
1600,0.428,0,0.1468,4.61E-07,0,,
1610,0.4262,0,0.146,4.59E-07,0,,
1620,0.4245,0,0.1451,4.58E-07,0,,
1630,0.4229,0,0.1443,4.56E-07,0,,
1640,0.4212,0,0.1436,4.55E-07,0,,
1650,0.4196,0,0.1428,4.53E-07,0,,
1660,0.418,0,0.142,4.52E-07,0,,
1670,0.4164,0,0.1412,4.51E-07,0,,
1680,0.4147,0,0.1404,4.49E-07,0,,
1690,0.4131,0,0.1397,4.48E-07,0,,
1700,0.4115,0,0.1389,4.47E-07,0,,
1710,0.4099,0,0.1382,4.45E-07,0,,
1720,0.4084,0,0.1375,4.44E-07,0,,
1730,0.4069,0,0.1368,4.43E-07,0,,
1740,0.4055,0,0.136,4.42E-07,0,,
1750,0.404,0,0.1353,4.40E-07,0,,
1760,0.4025,0,0.1346,4.39E-07,0,,
1770,0.401,0,0.1339,4.38E-07,0,,
1780,0.3995,0,0.1333,4.37E-07,0,,
1790,0.398,0,0.1326,4.35E-07,0,,
1800,0.3965,0,0.1319,4.34E-07,0,,
1810,0.3952,0,0.1313,4.33E-07,0,,
1820,0.3938,0,0.1306,4.32E-07,0,,
1830,0.3924,0,0.1299,4.31E-07,0,,
1840,0.3911,0,0.1293,4.29E-07,0,,
1850,0.3897,0,0.1287,4.28E-07,0,,
1860,0.3884,0,0.128,4.27E-07,0,,
1870,0.387,0,0.1274,4.26E-07,0,,
1880,0.3856,0,0.1268,4.25E-07,0,,
1890,0.3843,0,0.1262,4.24E-07,0,,
1900,0.3829,0,0.1256,4.23E-07,0,,
1910,0.3817,0,0.125,4.21E-07,0,,
1920,0.3804,0,0.1244,4.20E-07,0,,
1930,0.3792,0,0.1238,4.19E-07,0,,
1940,0.3779,0,0.1232,4.18E-07,0,,
1950,0.3767,0,0.1227,4.17E-07,0,,
1960,0.3755,0,0.1221,4.16E-07,0,,
1970,0.3742,0,0.1215,4.15E-07,0,,
1980,0.373,0,0.121,4.14E-07,0,,
1990,0.3717,0,0.1204,4.13E-07,0,,
2000,0.3705,0,0.1199,4.12E-07,0,,
2010,0.3693,0,0.1193,4.11E-07,0,,
2020,0.3681,0,0.1188,4.10E-07,0,,
2030,0.367,0,0.1183,4.09E-07,0,,
2040,0.3659,0,0.1177,4.08E-07,0,,
2050,0.3647,0,0.1172,4.07E-07,0,,
2060,0.3636,0,0.1167,4.06E-07,0,,
2070,0.3624,0,0.1161,4.05E-07,0,,
2080,0.3613,0,0.1157,4.04E-07,0,,
2090,0.3602,0,0.1152,4.03E-07,0,,
2100,0.359,0,0.1147,4.02E-07,0,,
2110,0.3579,0,0.1142,4.01E-07,0,,
2120,0.3568,0,0.1137,4.00E-07,0,,
2130,0.3557,0,0.1132,3.99E-07,0,,
2140,0.3547,0,0.1127,3.98E-07,0,,
2150,0.3536,0,0.1122,3.97E-07,0,,
2160,0.3526,0,0.1117,3.96E-07,0,,
2170,0.3516,0,0.1113,3.95E-07,0,,
2180,0.3505,0,0.1108,3.95E-07,0,,
2190,0.3495,0,0.1104,3.94E-07,0,,
2200,0.3484,0,0.1099,3.93E-07,0,,
2210,0.3474,0,0.1095,3.92E-07,0,,
2220,0.3463,0,0.109,3.91E-07,0,,
2230,0.3453,0,0.1086,3.90E-07,0,,
2240,0.3443,0,0.1081,3.89E-07,0,,
2250,0.3433,0,0.1077,3.88E-07,0,,
2260,0.3424,0,0.1073,3.87E-07,0,,
2270,0.3414,0,0.1068,3.87E-07,0,,
2280,0.3405,0,0.1064,3.86E-07,0,,
2290,0.3395,0,0.106,3.85E-07,0,,
2300,0.3386,0,0.1056,3.84E-07,0,,
2310,0.3376,0,0.1052,3.83E-07,0,,
2320,0.3367,0,0.1047,3.82E-07,0,,
2330,0.3357,0,0.1043,3.82E-07,0,,
2340,0.3348,0,0.1039,3.81E-07,0,,
2350,0.3338,0,0.1035,3.80E-07,0,,
2360,0.3329,0,0.1031,3.79E-07,0,,
2370,0.332,0,0.1027,3.78E-07,0,,
2380,0.3311,0,0.1023,3.78E-07,0,,
2390,0.3302,0,0.1019,3.77E-07,0,,
2400,0.3294,0,0.1016,3.76E-07,0,,
2410,0.3285,0,0.1012,3.75E-07,0,,
2420,0.3276,0,0.1008,3.74E-07,0,,
2430,0.3267,0,0.1004,3.74E-07,0,,
2440,0.3259,0,0.1,3.73E-07,0,,
2450,0.325,0,0.0997,3.72E-07,0,,
2460,0.3241,0,0.0993,3.71E-07,0,,
2470,0.3233,0,0.0989,3.71E-07,0,,
2480,0.3224,0,0.0986,3.70E-07,0,,
2490,0.3215,0,0.0982,3.69E-07,0,,
2500,0.3207,0,0.0979,3.68E-07,0,,
2510,0.3199,0,0.0975,3.68E-07,0,,
2520,0.3191,0,0.0971,3.67E-07,0,,
2530,0.3183,0,0.0968,3.66E-07,0,,
2540,0.3175,0,0.0964,3.66E-07,0,,
2550,0.3167,0,0.0961,3.65E-07,0,,
2560,0.3159,0,0.0958,3.64E-07,0,,
2570,0.3151,0,0.0954,3.63E-07,0,,
2580,0.3143,0,0.0951,3.63E-07,0,,
2590,0.3135,0,0.0948,3.62E-07,0,,
2600,0.3127,0,0.0944,3.61E-07,0,,
2610,0.3119,0,0.0941,3.61E-07,0,,
2620,0.3111,0,0.0938,3.60E-07,0,,
2630,0.3103,0,0.0934,3.59E-07,0,,
2640,0.3096,0,0.0931,3.59E-07,0,,
2650,0.3089,0,0.0928,3.58E-07,0,,
2660,0.3081,0,0.0925,3.57E-07,0,,
2670,0.3074,0,0.0922,3.56E-07,0,,
2680,0.3067,0,0.0919,3.56E-07,0,,
2690,0.3059,0,0.0915,3.55E-07,0,,
2700,0.3052,0,0.0912,3.55E-07,0,,
2710,0.3045,0,0.0909,3.54E-07,0,,
2720,0.3038,0,0.0906,3.53E-07,0,,
2730,0.303,0,0.0903,3.53E-07,0,,
2740,0.3023,0,0.09,3.52E-07,0,,
2750,0.3016,0,0.0897,3.51E-07,0,,
2760,0.3008,0,0.0894,3.51E-07,0,,
2770,0.3001,0,0.0891,3.50E-07,0,,
2780,0.2994,0,0.0888,3.49E-07,0,,
2790,0.2987,0,0.0886,3.49E-07,0,,
2800,0.2981,0,0.0883,3.48E-07,0,,
2810,0.2974,0,0.088,3.48E-07,0,,
2820,0.2967,0,0.0877,3.47E-07,0,,
2830,0.2961,0,0.0874,3.46E-07,0,,
2840,0.2954,0,0.0871,3.46E-07,0,,
2850,0.2947,0,0.0868,3.45E-07,0,,
2860,0.2941,0,0.0866,3.44E-07,0,,
2870,0.2934,0,0.0863,3.44E-07,0,,
2880,0.2927,0,0.086,3.43E-07,0,,
2890,0.2921,0,0.0858,3.43E-07,0,,
2900,0.2914,0,0.0855,3.42E-07,0,,
2910,0.2907,0,0.0852,3.41E-07,0,,
2920,0.2901,0,0.085,3.41E-07,0,,
2930,0.2894,0,0.0847,3.40E-07,0,,
2940,0.2888,0,0.0844,3.40E-07,0,,
2950,0.2882,0,0.0842,3.39E-07,0,,
2960,0.2875,0,0.0839,3.39E-07,0,,
2970,0.2869,0,0.0836,3.38E-07,0,,
2980,0.2863,0,0.0834,3.37E-07,0,,
2990,0.2857,0,0.0831,3.37E-07,0,,
3000,0.2851,0,0.0829,3.36E-07,0,,
3010,0.2845,0,0.0826,3.36E-07,0,,
3020,0.2839,0,0.0824,3.35E-07,0,,
3030,0.2833,0,0.0821,3.35E-07,0,,
3040,0.2827,0,0.0819,3.34E-07,0,,
3050,0.282,0,0.0817,3.34E-07,0,,
3060,0.2814,0,0.0814,3.33E-07,0,,
3070,0.2808,0,0.0812,3.32E-07,0,,
3080,0.2802,0,0.0809,3.32E-07,0,,
3090,0.2796,0,0.0807,3.31E-07,0,,
3100,0.279,0,0.0804,3.31E-07,0,,
3110,0.2785,0,0.0802,3.30E-07,0,,
3120,0.2779,0,0.08,3.30E-07,0,,
3130,0.2773,0,0.0797,3.29E-07,0,,
3140,0.2768,0,0.0795,3.29E-07,0,,
3150,0.2762,0,0.0793,3.28E-07,0,,
3160,0.2757,0,0.0791,3.28E-07,0,,
3170,0.2751,0,0.0788,3.27E-07,0,,
3180,0.2746,0,0.0786,3.27E-07,0,,
3190,0.274,0,0.0784,3.26E-07,0,,
3200,0.2734,0,0.0782,3.26E-07,0,,
3210,0.2729,0,0.0779,3.25E-07,0,,
3220,0.2723,0,0.0777,3.25E-07,0,,
3230,0.2718,0,0.0775,3.24E-07,0,,
3240,0.2712,0,0.0773,3.24E-07,0,,
3250,0.2706,0,0.077,3.23E-07,0,,
3260,0.2701,0,0.0768,3.23E-07,0,,
3270,0.2695,0,0.0766,3.22E-07,0,,
3280,0.269,0,0.0764,3.22E-07,0,,
3290,0.2685,0,0.0762,3.21E-07,0,,
3300,0.268,0,0.076,3.21E-07,0,,
3310,0.2675,0,0.0758,3.20E-07,0,,
3320,0.267,0,0.0756,3.20E-07,0,,
3330,0.2665,0,0.0754,3.19E-07,0,,
3340,0.266,0,0.0752,3.19E-07,0,,
3350,0.2654,0,0.075,3.18E-07,0,,
3360,0.2649,0,0.0747,3.18E-07,0,,
3370,0.2644,0,0.0745,3.17E-07,0,,
3380,0.2639,0,0.0743,3.17E-07,0,,
3390,0.2634,0,0.0741,3.16E-07,0,,
3400,0.2629,0,0.074,3.16E-07,0,,
3410,0.2624,0,0.0738,3.15E-07,0,,
3420,0.2619,0,0.0736,3.15E-07,0,,
3430,0.2614,0,0.0734,3.15E-07,0,,
3440,0.2608,0,0.0732,3.14E-07,0,,
3450,0.2603,0,0.073,3.14E-07,0,,
3460,0.2599,0,0.0728,3.13E-07,0,,
3470,0.2594,0,0.0726,3.13E-07,0,,
3480,0.2589,0,0.0724,3.12E-07,0,,
3490,0.2585,0,0.0722,3.12E-07,0,,
3500,0.258,0,0.072,3.11E-07,0,,
3510,0.2575,0,0.0718,3.11E-07,0,,
3520,0.2571,0,0.0716,3.10E-07,0,,
3530,0.2566,0,0.0715,3.10E-07,0,,
3540,0.2561,0,0.0713,3.10E-07,0,,
3550,0.2557,0,0.0711,3.09E-07,0,,
3560,0.2552,0,0.0709,3.09E-07,0,,
3570,0.2547,0,0.0707,3.08E-07,0,,
3580,0.2543,0,0.0706,3.08E-07,0,,
3590,0.2538,0,0.0704,3.07E-07,0,,
3600,0.2533,0,0.0702,3.07E-07,0,,
3610,0.2529,0,0.07,3.07E-07,0,,
3620,0.2524,0,0.0699,3.06E-07,0,,
3630,0.2519,0,0.0697,3.06E-07,0,,
3640,0.2515,0,0.0695,3.05E-07,0,,
3650,0.251,0,0.0693,3.05E-07,0,,
3660,0.2506,0,0.0691,3.04E-07,0,,
3670,0.2502,0,0.069,3.04E-07,0,,
3680,0.2497,0,0.0688,3.04E-07,0,,
3690,0.2493,0,0.0686,3.03E-07,0,,
3700,0.2489,0,0.0685,3.03E-07,0,,
3710,0.2485,0,0.0683,3.02E-07,0,,
3720,0.248,0,0.0681,3.02E-07,0,,
3730,0.2476,0,0.068,3.02E-07,0,,
3740,0.2472,0,0.0678,3.01E-07,0,,
3750,0.2467,0,0.0676,3.01E-07,0,,
3760,0.2463,0,0.0675,3.00E-07,0,,
3770,0.2459,0,0.0673,3.00E-07,0,,
3780,0.2455,0,0.0672,3.00E-07,0,,
3790,0.245,0,0.067,2.99E-07,0,,
3800,0.2446,0,0.0668,2.99E-07,0,,
3810,0.2442,0,0.0667,2.98E-07,0,,
3820,0.2438,0,0.0665,2.98E-07,0,,
3830,0.2433,0,0.0663,2.98E-07,0,,
3840,0.2429,0,0.0662,2.97E-07,0,,
3850,0.2425,0,0.066,2.97E-07,0,,
3860,0.2421,0,0.0659,2.96E-07,0,,
3870,0.2417,0,0.0657,2.96E-07,0,,
3880,0.2413,0,0.0656,2.96E-07,0,,
3890,0.2409,0,0.0654,2.95E-07,0,,
3900,0.2405,0,0.0653,2.95E-07,0,,
3910,0.2401,0,0.0651,2.95E-07,0,,
3920,0.2398,0,0.065,2.94E-07,0,,
3930,0.2394,0,0.0648,2.94E-07,0,,
3940,0.239,0,0.0647,2.93E-07,0,,
3950,0.2386,0,0.0645,2.93E-07,0,,
3960,0.2382,0,0.0644,2.93E-07,0,,
3970,0.2378,0,0.0642,2.92E-07,0,,
3980,0.2374,0,0.0641,2.92E-07,0,,
3990,0.237,0,0.0639,2.92E-07,0,,
4000,0.2366,0,0.0638,2.91E-07,0,,
4010,0.2362,0,0.0636,2.91E-07,0,,
4020,0.2358,0,0.0635,2.91E-07,0,,
4030,0.2355,0,0.0634,2.90E-07,0,,
4040,0.2351,0,0.0632,2.90E-07,0,,
4050,0.2347,0,0.0631,2.89E-07,0,,
4060,0.2343,0,0.0629,2.89E-07,0,,
4070,0.2339,0,0.0628,2.89E-07,0,,
4080,0.2336,0,0.0626,2.88E-07,0,,
4090,0.2332,0,0.0625,2.88E-07,0,,
4100,0.2329,0,0.0624,2.88E-07,0,,
4110,0.2325,0,0.0622,2.87E-07,0,,
4120,0.2321,0,0.0621,2.87E-07,0,,
4130,0.2318,0,0.0619,2.87E-07,0,,
4140,0.2314,0,0.0618,2.86E-07,0,,
4150,0.2311,0,0.0617,2.86E-07,0,,
4160,0.2307,0,0.0615,2.86E-07,0,,
4170,0.2304,0,0.0614,2.85E-07,0,,
4180,0.23,0,0.0613,2.85E-07,0,,
4190,0.2296,0,0.0611,2.85E-07,0,,
4200,0.2293,0,0.061,2.84E-07,0,,
4210,0.2289,0,0.0609,2.84E-07,0,,
4220,0.2286,0,0.0607,2.84E-07,0,,
4230,0.2282,0,0.0606,2.83E-07,0,,
4240,0.2278,0,0.0605,2.83E-07,0,,
4250,0.2275,0,0.0604,2.83E-07,0,,
4260,0.2271,0,0.0602,2.82E-07,0,,
4270,0.2268,0,0.0601,2.82E-07,0,,
4280,0.2264,0,0.06,2.82E-07,0,,
4290,0.2261,0,0.0598,2.81E-07,0,,
4300,0.2258,0,0.0597,2.81E-07,0,,
4310,0.2254,0,0.0596,2.81E-07,0,,
4320,0.2251,0,0.0595,2.80E-07,0,,
4330,0.2248,0,0.0593,2.80E-07,0,,
4340,0.2244,0,0.0592,2.80E-07,0,,
4350,0.2241,0,0.0591,2.79E-07,0,,
4360,0.2238,0,0.059,2.79E-07,0,,
4370,0.2235,0,0.0588,2.79E-07,0,,
4380,0.2231,0,0.0587,2.78E-07,0,,
4390,0.2228,0,0.0586,2.78E-07,0,,
4400,0.2225,0,0.0585,2.78E-07,0,,
4410,0.2221,0,0.0584,2.77E-07,0,,
4420,0.2218,0,0.0582,2.77E-07,0,,
4430,0.2215,0,0.0581,2.77E-07,0,,
4440,0.2212,0,0.058,2.76E-07,0,,
4450,0.2208,0,0.0579,2.76E-07,0,,
4460,0.2205,0,0.0577,2.76E-07,0,,
4470,0.2202,0,0.0576,2.76E-07,0,,
4480,0.2199,0,0.0575,2.75E-07,0,,
4490,0.2195,0,0.0574,2.75E-07,0,,
4500,0.2192,0,0.0573,2.75E-07,0,,
4510,0.2189,0,0.0572,2.74E-07,0,,
4520,0.2185,0,0.0571,2.74E-07,0,,
4530,0.2182,0,0.0569,2.74E-07,0,,
4540,0.2179,0,0.0568,2.73E-07,0,,
4550,0.2176,0,0.0567,2.73E-07,0,,
4560,0.2173,0,0.0566,2.73E-07,0,,
4570,0.217,0,0.0565,2.72E-07,0,,
4580,0.2167,0,0.0564,2.72E-07,0,,
4590,0.2164,0,0.0563,2.72E-07,0,,
4600,0.2161,0,0.0562,2.72E-07,0,,
4610,0.2158,0,0.056,2.71E-07,0,,
4620,0.2155,0,0.0559,2.71E-07,0,,
4630,0.2153,0,0.0558,2.71E-07,0,,
4640,0.215,0,0.0557,2.70E-07,0,,
4650,0.2147,0,0.0556,2.70E-07,0,,
4660,0.2144,0,0.0555,2.70E-07,0,,
4670,0.2141,0,0.0554,2.70E-07,0,,
4680,0.2138,0,0.0553,2.69E-07,0,,
4690,0.2135,0,0.0552,2.69E-07,0,,
4700,0.2132,0,0.0551,2.69E-07,0,,
4710,0.2129,0,0.055,2.68E-07,0,,
4720,0.2126,0,0.0548,2.68E-07,0,,
4730,0.2123,0,0.0547,2.68E-07,0,,
4740,0.212,0,0.0546,2.68E-07,0,,
4750,0.2117,0,0.0545,2.67E-07,0,,
4760,0.2114,0,0.0544,2.67E-07,0,,
4770,0.2111,0,0.0543,2.67E-07,0,,
4780,0.2108,0,0.0542,2.66E-07,0,,
4790,0.2105,0,0.0541,2.66E-07,0,,
4800,0.2102,0,0.054,2.66E-07,0,,
4810,0.21,0,0.0539,2.66E-07,0,,
4820,0.2097,0,0.0538,2.65E-07,0,,
4830,0.2094,0,0.0537,2.65E-07,0,,
4840,0.2091,0,0.0536,2.65E-07,0,,
4850,0.2089,0,0.0535,2.65E-07,0,,
4860,0.2086,0,0.0534,2.64E-07,0,,
4870,0.2083,0,0.0533,2.64E-07,0,,
4880,0.208,0,0.0532,2.64E-07,0,,
4890,0.2078,0,0.0531,2.63E-07,0,,
4900,0.2075,0,0.053,2.63E-07,0,,
4910,0.2072,0,0.0529,2.63E-07,0,,
4920,0.2069,0,0.0528,2.63E-07,0,,
4930,0.2067,0,0.0527,2.62E-07,0,,
4940,0.2064,0,0.0526,2.62E-07,0,,
4950,0.2061,0,0.0525,2.62E-07,0,,
4960,0.2058,0,0.0524,2.62E-07,0,,
4970,0.2056,0,0.0523,2.61E-07,0,,
4980,0.2053,0,0.0522,2.61E-07,0,,
4990,0.205,0,0.0521,2.61E-07,0,,
5000,0.2024,0,0.0512,2.61E-07,0,,
